{"meshTopology": 0, "num_points": 293132, "num_cells": 584096, "num_cell_indices": 2336384, "scalarArrayNames": ["theta", "O2", "rhowatervapor", "rhof_1", "convht_1", "frhosiesrad_1", "Velocity_mag"], "vectorArrayNames": ["Velocity"], "bounds": {"m_Center": {"x": 110.99997358794454, "y": 98.30344228479979, "z": 3.7249295303448946}, "m_Extent": {"x": 589.0000264120556, "y": 97.55298877767805, "z": 494.27507046965525}, "center": {"x": 110.99997358794454, "y": 98.30344228479979, "z": 3.7249295303448946}, "extents": {"x": 589.0000264120556, "y": 97.55298877767805, "z": 494.27507046965525}}, "dimensions": null, "scalarMaxes": [1197.845458984375, 0.23020826280117035, 0.04533281549811363, 0.5947383642196655, 114848.375, 21922.04296875, 21.311634063720703], "scalarMins": [300.0005798339844, 0.039298612624406815, -4.268354587111389e-06, 0.008303100243210793, -174178.84375, -328222.5, 0.004770027007907629]}