{"meshTopology": 100, "num_points": 125000, "num_cells": 125000, "num_cell_indices": 250000, "scalarArrayNames": ["O2", "convht_1", "frhosiesrad_1", "rhof_1", "rhowatervapor", "theta"], "vectorArrayNames": [], "bounds": {"m_Center": {"x": 101.0, "y": 225.37522675356087, "z": -1.0}, "m_Extent": {"x": 599.0000000000001, "y": 224.62477324643913, "z": 499.0000000000001}, "center": {"x": 101.0, "y": 225.37522675356087, "z": -1.0}, "extents": {"x": 599.0000000000001, "y": 224.62477324643913, "z": 499.0000000000001}}, "dimensions": [50, 50, 50], "scalarMaxes": [0.2301502376794815, 21858.345703125, 7291.15234375, 0.6000000238418579, 0.030368881300091743, 527.7061767578125], "scalarMins": [0.0, -25449.67578125, -12513.6123046875, 0.0, -0.0003193266165908426, 0.0]}