{"meshTopology": 0, "num_points": 670055, "num_cells": 1120264, "num_cell_indices": 4481056, "scalarArrayNames": ["O2", "Velocity_mag", "convht_1", "frhosiesrad_1", "rhof_1", "rhowatervapor", "theta"], "vectorArrayNames": ["Normals", "Velocity"], "bounds": {"m_Center": {"x": 101.0, "y": 106.89016324323464, "z": -1.0}, "m_Extent": {"x": 599.0000000000001, "y": 106.1397097361129, "z": 499.0000000000001}, "center": {"x": 101.0, "y": 106.89016324323464, "z": -1.0}, "extents": {"x": 599.0000000000001, "y": 106.1397097361129, "z": 499.0000000000001}}, "dimensions": null, "scalarMaxes": [0.23020826280117035, 11.732714653015137, 146597.265625, 62127.09375, 0.44999998807907104, 0.11520473659038544, 1128.4134521484375], "scalarMins": [0.04256163537502289, 0.014611929655075073, -103687.2421875, -162701.59375, 0.44999998807907104, -0.0006857541156932712, 300.00341796875]}