{"meshTopology": 4, "num_points": 1698, "num_cells": 21, "num_cell_indices": 1719, "scalarArrayNames": ["AngularVelocity", "IntegrationTime", "O2", "Rotation", "Velocity_mag", "Vorticity_mag", "convht_1", "frhosiesrad_1", "rhof_1", "rhowatervapor", "theta"], "vectorArrayNames": ["Normals", "Velocity", "Vorticity"], "bounds": {"m_Center": {"x": 115.29960632324219, "y": 176.0300521850586, "z": 10.03924560546875}, "m_Extent": {"x": 584.0266265869141, "y": 122.11780548095703, "z": 365.9888000488281}, "center": {"x": 115.29960632324219, "y": 176.0300521850586, "z": 10.03924560546875}, "extents": {"x": 584.0266265869141, "y": 122.11780548095703, "z": 365.9888000488281}}, "dimensions": null, "scalarMaxes": [3.50291109085083, 322.2538146972656, 0.23011209070682526, 25.967647552490234, 22.094478607177734, 5.569974899291992, 73.69302368164062, 1404.485595703125, 0.5378727316856384, 0.0040428549982607365, 379.6937561035156], "scalarMins": [-4.21311616897583, 0.0, 0.22338908910751343, -29.408832550048828, 0.5432499647140503, 0.009593772701919079, -7023.9365234375, -2857.603759765625, 0.0, -3.391088102944195e-05, 299.9692687988281]}