{"meshTopology": 0, "num_points": 293132, "num_cells": 584096, "num_cell_indices": 2336384, "scalarArrayNames": ["theta", "O2", "rhowatervapor", "rhof_1", "convht_1", "frhosiesrad_1", "Velocity_mag"], "vectorArrayNames": ["Velocity"], "bounds": {"m_Center": {"x": 110.99997358794454, "y": 98.30344228479979, "z": 3.7249295303448946}, "m_Extent": {"x": 589.0000264120556, "y": 97.55298877767805, "z": 494.27507046965525}, "center": {"x": 110.99997358794454, "y": 98.30344228479979, "z": 3.7249295303448946}, "extents": {"x": 589.0000264120556, "y": 97.55298877767805, "z": 494.27507046965525}}, "dimensions": null, "scalarMaxes": [1104.2213134765625, 0.23020406067371368, 0.04493836686015129, 0.5947383642196655, 123284.03125, 22232.32421875, 22.495128631591797], "scalarMins": [299.98345947265625, 0.03810962289571762, -6.8449558057182e-06, 0.008303100243210793, -191862.0, -374088.03125, 0.0037800308782607317]}