{"meshTopology": 100, "num_points": 125000, "num_cells": 125000, "num_cell_indices": 250000, "scalarArrayNames": ["O2", "Velocity_mag", "convht_1", "frhosiesrad_1", "rhof_1", "rhowatervapor", "theta", "vtkValidPointMask", "vtkGhostType"], "vectorArrayNames": ["Velocity"], "bounds": {"m_Center": {"x": 101.0, "y": 449.6810881298728, "z": -1.0}, "m_Extent": {"x": 598.9994010000001, "y": 448.9301856921164, "z": 498.9995010000001}, "center": {"x": 101.0, "y": 449.6810881298728, "z": -1.0}, "extents": {"x": 598.9994010000001, "y": 448.9301856921164, "z": 498.9995010000001}}, "dimensions": [50, 50, 50], "scalarMaxes": [0.2301401048898697, 25.637378692626953, 8675.9453125, 9954.427734375, 0.6000000238418579, 0.015824580565094948, 542.5618286132812, 1.0, 2.0], "scalarMins": [0.0, 0.0, -45987.87890625, -52101.53125, 0.0, -7.289653876796365e-05, 0.0, 0.0, 0.0]}