{"meshTopology": 0, "num_points": 430552, "num_cells": 738940, "num_cell_indices": 2955760, "scalarArrayNames": ["O2", "Velocity_mag", "convht_1", "frhosiesrad_1", "rhof_1", "rhowatervapor", "theta"], "vectorArrayNames": ["Normals", "Velocity"], "bounds": {"m_Center": {"x": 101.0, "y": 108.93997525353566, "z": -1.0}, "m_Extent": {"x": 599.0000000000001, "y": 103.838393854527, "z": 499.0000000000001}, "center": {"x": 101.0, "y": 108.93997525353566, "z": -1.0}, "extents": {"x": 599.0000000000001, "y": 103.838393854527, "z": 499.0000000000001}}, "dimensions": null, "scalarMaxes": [0.2302040010690689, 10.3694429397583, 161046.890625, 72987.90625, 0.5, 0.13859181106090546, 1198.217529296875], "scalarMins": [0.051555052399635315, 0.01052278745919466, -75650.1484375, -70244.1171875, 0.5, -0.000295514240860939, 300.0087890625]}