{"meshTopology": 4, "num_points": 3984, "num_cells": 21, "num_cell_indices": 4005, "scalarArrayNames": ["AngularVelocity", "IntegrationTime", "O2", "Rotation", "Velocity_mag", "Vorticity_mag", "convht_1", "frhosiesrad_1", "rhof_1", "rhowatervapor", "theta"], "vectorArrayNames": ["Normals", "Velocity", "Vorticity"], "bounds": {"m_Center": {"x": 115.60002136230469, "y": 193.40601348876953, "z": 36.64137268066406}, "m_Extent": {"x": 584.3270416259766, "y": 152.58287811279297, "z": 427.51258850097656}, "center": {"x": 115.60002136230469, "y": 193.40601348876953, "z": 36.64137268066406}, "extents": {"x": 584.3270416259766, "y": 152.58287811279297, "z": 427.51258850097656}}, "dimensions": null, "scalarMaxes": [4.575326442718506, 614.0551147460938, 0.23012666404247284, 38.43594741821289, 22.652841567993164, 7.038723468780518, 2207.63916015625, 1622.0863037109375, 0.5711233615875244, 0.021592993289232254, 470.0237121582031], "scalarMins": [-3.8669400215148926, 0.0, 0.21409910917282104, -20.795503616333008, 1.2981265783309937, 0.02634996362030506, -8837.205078125, -11327.341796875, 0.0, -1.9737832190003246e-05, 299.98858642578125]}