{"meshTopology": 100, "num_points": 125000, "num_cells": 125000, "num_cell_indices": 250000, "scalarArrayNames": ["O2", "Velocity_mag", "convht_1", "frhosiesrad_1", "rhof_1", "rhowatervapor", "theta", "vtkValidPointMask", "vtkGhostType"], "vectorArrayNames": ["Velocity"], "bounds": {"m_Center": {"x": 101.0, "y": 449.6810881298728, "z": -1.0}, "m_Extent": {"x": 598.9994010000001, "y": 448.9301856921164, "z": 498.9995010000001}, "center": {"x": 101.0, "y": 449.6810881298728, "z": -1.0}, "extents": {"x": 598.9994010000001, "y": 448.9301856921164, "z": 498.9995010000001}}, "dimensions": [50, 50, 50], "scalarMaxes": [0.2301449328660965, 25.104267120361328, 22017.857421875, 6917.572265625, 0.6000000238418579, 0.021386973559856415, 450.5108947753906, 1.0, 2.0], "scalarMins": [0.0, 0.0, -23087.322265625, -7499.92626953125, 0.0, -1.9954879462602548e-05, 0.0, 0.0, 0.0]}