{"meshTopology": 0, "num_points": 443817, "num_cells": 760356, "num_cell_indices": 3041424, "scalarArrayNames": ["O2", "Velocity_mag", "convht_1", "frhosiesrad_1", "rhof_1", "rhowatervapor", "theta"], "vectorArrayNames": ["Normals", "Velocity"], "bounds": {"m_Center": {"x": 101.0, "y": 108.93997525353566, "z": -1.0}, "m_Extent": {"x": 599.0000000000001, "y": 103.838393854527, "z": 499.0000000000001}, "center": {"x": 101.0, "y": 108.93997525353566, "z": -1.0}, "extents": {"x": 599.0000000000001, "y": 103.838393854527, "z": 499.0000000000001}}, "dimensions": null, "scalarMaxes": [0.23020821809768677, 10.496940612792969, 165171.96875, 70341.9921875, 0.5, 0.11555638164281845, 1038.834716796875], "scalarMins": [0.04249899834394455, 0.01580977626144886, -67095.671875, -89182.2265625, 0.5, -0.0006849441560916603, 300.0022888183594]}