{"meshTopology": 4, "num_points": 3309, "num_cells": 21, "num_cell_indices": 3330, "scalarArrayNames": ["AngularVelocity", "IntegrationTime", "O2", "Rotation", "Velocity_mag", "Vorticity_mag", "convht_1", "frhosiesrad_1", "rhof_1", "rhowatervapor", "theta"], "vectorArrayNames": ["Normals", "Velocity", "Vorticity"], "bounds": {"m_Center": {"x": 115.33561706542969, "y": 175.7924518585205, "z": 12.389846801757812}, "m_Extent": {"x": 584.0626373291016, "y": 122.12035942077637, "z": 366.23667907714844}, "center": {"x": 115.33561706542969, "y": 175.7924518585205, "z": 12.389846801757812}, "extents": {"x": 584.0626373291016, "y": 122.12035942077637, "z": 366.23667907714844}}, "dimensions": null, "scalarMaxes": [3.357328176498413, 251.71559143066406, 0.23011265695095062, 18.614072799682617, 23.142457962036133, 6.801542282104492, 165.45143127441406, 2094.967529296875, 0.5261870622634888, 0.0037385348696261644, 349.2602844238281], "scalarMins": [-4.858051300048828, 0.0, 0.2256188839673996, -26.263078689575195, 0.988864541053772, 0.03998081758618355, -8408.04296875, -1748.8472900390625, 0.0, -7.032739813439548e-05, 299.98358154296875]}