{"meshTopology": 0, "num_points": 293132, "num_cells": 584096, "num_cell_indices": 2336384, "scalarArrayNames": ["theta", "O2", "rhowatervapor", "rhof_1", "convht_1", "frhosiesrad_1", "Velocity_mag"], "vectorArrayNames": ["Velocity"], "bounds": {"m_Center": {"x": 110.51136835157774, "y": 42.75241456391097, "z": 3.7249295303448946}, "m_Extent": {"x": 589.4886316484224, "y": 37.93241789868595, "z": 494.27507046965525}, "center": {"x": 110.51136835157774, "y": 42.75241456391097, "z": 3.7249295303448946}, "extents": {"x": 589.4886316484224, "y": 37.93241789868595, "z": 494.27507046965525}}, "dimensions": null, "scalarMaxes": [447.36370849609375, 0.23003029823303223, 0.009370751678943634, 1.0105693340301514, 647.4596557617188, 4226.82958984375, 3.334595203399658], "scalarMins": [299.9942321777344, 0.20556578040122986, -4.849613333135494e-07, 0.00792133528739214, -52811.05078125, -83287.515625, 0.004729554522782564]}