{"meshTopology": 100, "num_points": 125000, "num_cells": 125000, "num_cell_indices": 250000, "scalarArrayNames": ["O2", "convht_1", "frhosiesrad_1", "rhof_1", "rhowatervapor", "theta", "u", "v", "w", "vtkValidPointMask", "vtkGhostType"], "vectorArrayNames": [], "bounds": {"m_Center": {"x": 101.0, "y": 450.4035597938554, "z": -1.0}, "m_Extent": {"x": 598.9994010000001, "y": 445.58311754506724, "z": 498.9995010000001}, "center": {"x": 101.0, "y": 450.4035597938554, "z": -1.0}, "extents": {"x": 598.9994010000001, "y": 445.58311754506724, "z": 498.9995010000001}}, "dimensions": [50, 50, 50], "scalarMaxes": [0.23003695905208588, 27.29237174987793, 23.015724182128906, 0.7372128963470459, 0.00028675259090960026, 307.4505615234375, 16.876333236694336, 6.438260078430176, 4.76203727722168, 1.0, 2.0], "scalarMins": [0.0, -40.58642578125, -0.09058406949043274, 0.0, -1.5829774611120229e-06, 0.0, -5.09625244140625, -7.511965274810791, -5.323718547821045, 0.0, 0.0]}