{"meshTopology": 0, "num_points": 227121, "num_cells": 285488, "num_cell_indices": 1141952, "scalarArrayNames": ["O2", "Velocity_mag", "convht_1", "frhosiesrad_1", "rhof_1", "rhowatervapor", "theta"], "vectorArrayNames": ["Normals", "Velocity"], "bounds": {"m_Center": {"x": 101.0, "y": 42.827633603042294, "z": -1.0}, "m_Extent": {"x": 599.0000000000001, "y": 38.007636937817274, "z": 499.0000000000001}, "center": {"x": 101.0, "y": 42.827633603042294, "z": -1.0}, "extents": {"x": 599.0000000000001, "y": 38.007636937817274, "z": 499.0000000000001}}, "dimensions": null, "scalarMaxes": [0.23002687096595764, 2.727902889251709, 421.7345275878906, 3025.451171875, 0.8999999761581421, 0.0009679880458861589, 333.1381530761719], "scalarMins": [0.22722603380680084, 0.010967903770506382, -11404.08984375, -4690.19189453125, 0.8999999761581421, -1.9306344256619923e-07, 299.99737548828125]}