{"meshTopology": 4, "num_points": 4155, "num_cells": 31, "num_cell_indices": 4186, "scalarArrayNames": ["AngularVelocity", "IntegrationTime", "O2", "Rotation", "Velocity_mag", "Vorticity_mag", "convht_1", "frhosiesrad_1", "rhof_1", "rhowatervapor", "theta"], "vectorArrayNames": ["Normals", "Velocity", "Vorticity"], "bounds": {"m_Center": {"x": 120.5499267578125, "y": 107.22652912139893, "z": 92.50543212890625}, "m_Extent": {"x": 579.4381103515625, "y": 81.19362163543701, "z": 404.9794921875}, "center": {"x": 120.5499267578125, "y": 107.22652912139893, "z": 92.50543212890625}, "extents": {"x": 579.4381103515625, "y": 81.19362163543701, "z": 404.9794921875}}, "dimensions": null, "scalarMaxes": [1.7229161262512207, 1266.8067626953125, 0.23002146184444427, 66.33800506591797, 12.565117835998535, 2.4941444396972656, 15.41108226776123, 0.188890278339386, 0.7048284411430359, 0.00012501614401116967, 302.2858581542969], "scalarMins": [-1.7179806232452393, 0.0, 0.2298702895641327, -49.053131103515625, 0.26752325892448425, 0.022745881229639053, -29.623859405517578, 0.0, 0.0, -4.405646905070171e-06, 300.0251770019531]}