{"meshTopology": 0, "num_points": 293132, "num_cells": 584096, "num_cell_indices": 2336384, "scalarArrayNames": ["theta", "O2", "rhowatervapor", "rhof_1", "convht_1", "frhosiesrad_1", "Velocity_mag"], "vectorArrayNames": ["Velocity"], "bounds": {"m_Center": {"x": 110.51136835157774, "y": 42.75241456391097, "z": 3.7249295303448946}, "m_Extent": {"x": 589.4886316484224, "y": 37.93241789868595, "z": 494.27507046965525}, "center": {"x": 110.51136835157774, "y": 42.75241456391097, "z": 3.7249295303448946}, "extents": {"x": 589.4886316484224, "y": 37.93241789868595, "z": 494.27507046965525}}, "dimensions": null, "scalarMaxes": [712.1676635742188, 0.23003873229026794, 0.01655104197561741, 1.0105693340301514, 3187.0302734375, 12500.041015625, 3.789975643157959], "scalarMins": [299.9927062988281, 0.17256712913513184, -1.8575945432530716e-05, 0.00792133528739214, -75213.5625, -96801.9609375, 0.0030310810543596745]}