{"meshTopology": 100, "num_points": 125000, "num_cells": 125000, "num_cell_indices": 250000, "scalarArrayNames": ["O2", "convht_1", "frhosiesrad_1", "rhof_1", "rhowatervapor", "theta", "u", "v", "w", "vtkValidPointMask", "vtkGhostType"], "vectorArrayNames": [], "bounds": {"m_Center": {"x": 101.0, "y": 450.4035597938554, "z": -1.0}, "m_Extent": {"x": 598.9994010000001, "y": 445.58311754506724, "z": 498.9995010000001}, "center": {"x": 101.0, "y": 450.4035597938554, "z": -1.0}, "extents": {"x": 598.9994010000001, "y": 445.58311754506724, "z": 498.9995010000001}}, "dimensions": [50, 50, 50], "scalarMaxes": [0.23002584278583527, 23.199783325195312, 68.11417388916016, 0.7372128963470459, 0.0009558325982652605, 312.9726257324219, 16.97327423095703, 5.8199896812438965, 4.6112565994262695, 1.0, 2.0], "scalarMins": [0.0, -87.22879791259766, 0.0, 0.0, -2.969182787637692e-06, 0.0, -3.2403006553649902, -5.439699172973633, -5.021004676818848, 0.0, 0.0]}