{"meshTopology": 0, "num_points": 227136, "num_cells": 285512, "num_cell_indices": 1142048, "scalarArrayNames": ["O2", "Velocity_mag", "convht_1", "frhosiesrad_1", "rhof_1", "rhowatervapor", "theta"], "vectorArrayNames": ["Normals", "Velocity"], "bounds": {"m_Center": {"x": 101.0, "y": 42.827633603042294, "z": -1.0}, "m_Extent": {"x": 599.0000000000001, "y": 38.007636937817274, "z": 499.0000000000001}, "center": {"x": 101.0, "y": 42.827633603042294, "z": -1.0}, "extents": {"x": 599.0000000000001, "y": 38.007636937817274, "z": 499.0000000000001}}, "dimensions": null, "scalarMaxes": [0.23003871738910675, 2.2924439907073975, 3142.24951171875, 3644.10009765625, 0.8999999761581421, 0.01086768414825201, 449.6167907714844], "scalarMins": [0.20553915202617645, 0.007710388861596584, -23008.34765625, -18452.404296875, 0.8999999761581421, -1.1380357136658859e-05, 299.9968566894531]}