{"meshTopology": 4, "num_points": 4259, "num_cells": 31, "num_cell_indices": 4290, "scalarArrayNames": ["AngularVelocity", "IntegrationTime", "O2", "Rotation", "Velocity_mag", "Vorticity_mag", "convht_1", "frhosiesrad_1", "rhof_1", "rhowatervapor", "theta"], "vectorArrayNames": ["Normals", "Velocity", "Vorticity"], "bounds": {"m_Center": {"x": 120.27713012695312, "y": 116.08341979980469, "z": 26.733718872070312}, "m_Extent": {"x": 579.1653137207031, "y": 94.55166625976562, "z": 466.3068389892578}, "center": {"x": 120.27713012695312, "y": 116.08341979980469, "z": 26.733718872070312}, "extents": {"x": 579.1653137207031, "y": 94.55166625976562, "z": 466.3068389892578}}, "dimensions": null, "scalarMaxes": [1.8248149156570435, 3227.88427734375, 0.2300240695476532, 387.426513671875, 11.207006454467773, 2.413097858428955, 20.100011825561523, 0.21318574249744415, 0.597430408000946, 0.00022732863726560026, 302.500732421875], "scalarMins": [-2.093947410583496, 0.0, 0.22977367043495178, -38.94193649291992, 0.14897996187210083, 0.01460832729935646, -16.78505516052246, 0.0, 0.0, -2.568869376773364e-06, 300.0400695800781]}